Docked Segment	GCCGGGTAGCTATGTTCGGAA
Organism	Gene ID	Sequence	Feature Details
acinetobacter baumanni	AMPIKKCB_00052	"TCAAGTAATTAAGTGCATGTGGTGGATGCCTTGGCAGTCAGAGGCGATGA
AAGACGTGATAGCCTGCGAAAAGCTCCGGGGAGGCGGCAAATATCCTTTG
ATCCGGAGATGTCTGAATGGGGGAACCCACCTACTTTAAGGTAGGTATTG
CAACATGAATACATAGTGTTGCAAGGCGAACGAGGGGAAGTGAAACATCT
CAGTACCCTTAGGAAAAGAAATCAATTGAGATTCCCTCAGTAGCGGCGAG
CGAACGGGGATCAGCCCATTAAGTTATGTGTGTTTTAGTGGAACGCTCTG
GGAAGTGCGAACGTAGAGGGTGATATTCCCGTACACGAAAGGGCACACAT
AATGATGACGAGTAGGGCGAGGCACGTGAAACCTTGTCTGAATATGGGGG
GACCATCCTCCAAGGCTAAATACTCCTGACTGACCGATAGTGAACCAGTA
CCGTGAGGGAAAGGCGAAAAGAACCCCTGTGAGGGGAGTGAAATAGATCC
TGAAACCGCATGCATACAAGCAGTGGGAGCACCTTTGTGGTGTGACTGCG
TACCTTTTGTATAATGGGTCAGCGACTTATATTCAGTAGCGAGGTTAACC
GTATAGGGGAGCCGTAGAGAAATCGAGTCTTAATAGGGCGTTTAGTTGCT
GGGTATAGACCCGAAACCAGGCGATCTATCCATGAGCAGGTTGAAGGTTG
GGTAACACTAACTGGAGGACCGAACCCACTGTCGTTGAAAAGCCAGGGGA
TGACTTGTGGATAGGGGTGAAAGGCTAATCAAGCCTGGTGATAGCTGGTT
CTCCCCGAAAGCTATTTAGGTAGCGCCTCGGACGAATACCATAGGGGGTA
GAGCACTGTTTCGGCTAGGGGGTCATCCCGACTTACCAAACCGATGCAAA
CTCCGAATACCTATGAGTACTATCCGGGAGACAGACTGCGGGTGCTAACG
TCCGTAGTCAAGAGGAAAACAATCCAGACCGCCAGCTAAGGCCCCAAAAT
CATAGTTAAGTGGGAAACGATGTGGGAAGGCATAGACAGCTAGGAGGTTG
GCTTAGAAGCAGCCACCCTTTAAAGAAAGCGTAATAGCTCACTAGTCGAG
TCGGCCTGCGCGGAAGATGTAACGGGGCTAAAACTATGTGCCGAAGCTGC
GGATGTATACTTTGTATACGTGGTAGGGGAGCGTTCTGTAAGCCGATGAA
GGTGTGTTGAGAAGCATGCTGGAGGTATCAGAAGTGCGAATGCTGACGTG
AGTAACGACAAAACGGGTGAAAAACCCGTTCGCCGAAAGACCAAGGGTTC
CAGTCCAACGTTAATCGGGGCTGGGTGAGTCGACCCCTAAGGCGAGGCCG
AAAGGCGTAGTCGATGGGAAAATGGTTAATATTCCATTACTTCTGTGTAA
TGCGATGAGAGGACGGAGAAGGCTAAATCAGCCTGGCGTTGGTTGTCCAG
GTGAAAGGATGTAGGCATGTATCTTAGGCAAATCCGGGGTACTCTATGCT
GAGATCTGATAGCAAGCTGTACTTGTACAGCGAAGTGGTTGATGCCATGC
TTCCAGGAAAAGTCTCTAAGCTTCAGTTACACAGGAATCGTACCCGAAAC
CGACACAGGTGGTCAGGTCGAGTAGACCAAGGCGCTTGAGAGAACTCTGC
TGAAGGAACTAGGCAAAATGGTACCGTAACTTCGGGAGAAGGTACGCTGT
TGTTGGTGATGGAACTCGCTTCCTGAGCTGACGACAGCCGCAGAAACCAG
GCCGCTGCAACTGTTTATTAAAAACATAGCACTCTGCAAACACGAAAGTG
GACGTATAGGGTGTGATGCCTGCCCGGTGCTGGAAGGTTAATTGATGGGG
TTAGCGTAAGCGAAGCTCTTGATCGAAGCCCCAGTAAACGGCGGCCGTAA
CTATAACGGTCCTAAGGTAGCGAAATTCCTTGTCGGGTAAGTTCCGACCT
GCACGAATGGCATAATGATGGCGGCGCTGTCTCCAGCAGAGGCTCAGTGA
AATCGAAATCGCTGTGAAGATGCAGTGTACCCGCGGCTAGACGGAAAGAC
CCCGTGAACCTTTACTGCAGCTTGACACTGAACTTTGACCTTACTTGTGT
AGGATAGGTGGGAGGCTTTGAAGCTGGAACGCTAGTTCCAGTGGAGCCGT
CCTTGAAATACCACCCTGGTAATGTTGAGGTTCTAACTCTGTCCCGTGAT
CCGGGACGAGGACCGTGTCTGGTGGGTAGTTTGACTGGGGCGGTCTCCTC
CTAAAGAGTAACGGAGGAGTACGAAGGTGCGCTCAGCGTGGTCGGAAATC
ACGCGTAGAGTATAAAGGCAAAAGCGCGCTTAACTGCGAGACCCACAAGT
CGAGCAGGTACGAAAGTAGGTCTTAGTGATCCGGTGGTTCTGTATGGAAG
GGCCATCGCTCAACGGATAAAAGGTACTCTGGGGATAACAGGCTGATACC
GCCCAAGAGTTCATATCGACGGCGGTGTTTGGCACCTCGATGTCGGCTCA
TCTCATCCTGGGGCTGAAGCAGGTCCCAAGGGTATGGCTGTTCGCCATTT
AAAGAGGTACGCGAGCTGGGTTTAGAACGTCGTGAGACAGTTCGGTCCCT
ATCTACCGTGGGCGCTGGAAATTTGAGAGGATCTGCTCCTAGTACGAGAG
GACCAGAGTGGACGAACCTCTGGTGTACCGGTTGTGACGCCAGTCGCATC
GCCGGGTAGCTATGTTCGGAAGGGATAACCGCTGAAAGCATCTAAGCGGG
AAGCCTACCTCAAGATAAGATTTCCCTAGGACTTTATGTCCTCTAAAGAG
CCGTTCGAGACTAGGACGTTGATAGGTTGGATGTGGAAGCATAGTGATAT
GTGAAGCTGACCAATACTAATTGCTCGTGAGGCTTGACTA"	"Type: rRNA, Location: [52546:55436](+),
Qualifiers: locus_tag: ['AMPIKKCB_00052'];
product: ['23S ribosomal RNA']"
acinetobacter baumanni	AMPIKKCB_00260	"TCAAGTAATTAAGTGCATGTGGTGGATGCCTTGGCAGTCAGAGGCGATGA
AAGACGTGATAGCCTGCGAAAAGCTCCGGGGAGGCGGCAAATATCCTTTG
ATCCGGAGATGTCTGAATGGGGGAACCCACCTACTTTAAGGTAGGTATTG
CAACATGAATACATAGTGTTGCAAGGCGAACGAGGGGAAGTGAAACATCT
CAGTACCCTTAGGAAAAGAAATCAATTGAGATTCCCTCAGTAGCGGCGAG
CGAACGGGGATCAGCCCATTAAGTTATGTGTGTTTTAGTGGAACGCTCTG
GGAAGTGCGAACGTAGAGGGTGATATTCCCGTACACGAAAGGGCACACAT
AATGATGACGAGTAGGGCGAGGCACGTGAAACCTTGTCTGAATATGGGGG
GACCATCCTCCAAGGCTAAATACTCCTGACTGACCGATAGTGAACCAGTA
CCGTGAGGGAAAGGCGAAAAGAACCCCTGTGAGGGGAGTGAAATAGATCC
TGAAACCGCATGCATACAAGCAGTGGGAGCACCTTTGTGGTGTGACTGCG
TACCTTTTGTATAATGGGTCAGCGACTTATATTCAGTAGCGAGGTTAACC
GTATAGGGGAGCCGTAGAGAAATCGAGTCTTAATAGGGCGTTTAGTTGCT
GGGTATAGACCCGAAACCAGGCGATCTATCCATGAGCAGGTTGAAGGTTG
GGTAACACTAACTGGAGGACCGAACCCACTGTCGTTGAAAAGCCAGGGGA
TGACTTGTGGATAGGGGTGAAAGGCTAATCAAGCCTGGTGATAGCTGGTT
CTCCCCGAAAGCTATTTAGGTAGCGCCTCGGACGAATACCATAGGGGGTA
GAGCACTGTTTCGGCTAGGGGGTCATCCCGACTTACCAAACCGATGCAAA
CTCCGAATACCTATGAGTACTATCCGGGAGACAGACTGCGGGTGCTAACG
TCCGTAGTCAAGAGGAAAACAATCCAGACCGCCAGCTAAGGCCCCAAAAT
CATAGTTAAGTGGGAAACGATGTGGGAAGGCATAGACAGCTAGGAGGTTG
GCTTAGAAGCAGCCACCCTTTAAAGAAAGCGTAATAGCTCACTAGTCGAG
TCGGCCTGCGCGGAAGATGTAACGGGGCTAAAACTATGTGCCGAAGCTGC
GGATGTATACTTTGTATACGTGGTAGGGGAGCGTTCTGTAAGCCGATGAA
GGTGTGTTGAGAAGCATGCTGGAGGTATCAGAAGTGCGAATGCTGACGTG
AGTAACGACAAAACGGGTGAAAAACCCGTTCGCCGAAAGACCAAGGGTTC
CAGTCCAACGTTAATCGGGGCTGGGTGAGTCGACCCCTAAGGCGAGGCCG
AAAGGCGTAGTCGATGGGAAAATGGTTAATATTCCATTACTTCTGTGTAA
TGCGATGAGAGGACGGAGAAGGCTAAATCAGCCTGGCGTTGGTTGTCCAG
GTGAAAGGATGTAGGCATGTATCTTAGGCAAATCCGGGGTACTCTATGCT
GAGATCTGATAGCAAGCTGTACTTGTACAGCGAAGTGGTTGATGCCATGC
TTCCAGGAAAAGTCTCTAAGCTTCAGTTACACAGGAATCGTACCCGAAAC
CGACACAGGTGGTCAGGTCGAGTAGACCAAGGCGCTTGAGAGAACTCTGC
TGAAGGAACTAGGCAAAATGGTACCGTAACTTCGGGAGAAGGTACGCTGT
TGTTGGTGATGGAACTCGCTTCCTGAGCTGACGACAGCCGCAGAAACCAG
GCCGCTGCAACTGTTTATTAAAAACATAGCACTCTGCAAACACGAAAGTG
GACGTATAGGGTGTGATGCCTGCCCGGTGCTGGAAGGTTAATTGATGGGG
TTAGCGTAAGCGAAGCTCTTGATCGAAGCCCCAGTAAACGGCGGCCGTAA
CTATAACGGTCCTAAGGTAGCGAAATTCCTTGTCGGGTAAGTTCCGACCT
GCACGAATGGCATAATGATGGCGGCGCTGTCTCCAGCAGAGGCTCAGTGA
AATCGAAATCGCTGTGAAGATGCAGTGTACCCGCGGCTAGACGGAAAGAC
CCCGTGAACCTTTACTGCAGCTTGACACTGAACTTTGACCTTACTTGTGT
AGGATAGGTGGGAGGCTTTGAAGCTGGAACGCTAGTTCCAGTGGAGCCGT
CCTTGAAATACCACCCTGGTAATGTTGAGGTTCTAACTCTGTCCCGTGAT
CCGGGACGAGGACCGTGTCTGGTGGGTAGTTTGACTGGGGCGGTCTCCTC
CTAAAGAGTAACGGAGGAGTACGAAGGTGCGCTCAGCGTGGTCGGAAATC
ACGCGTAGAGTATAAAGGCAAAAGCGCGCTTAACTGCGAGACCCACAAGT
CGAGCAGGTACGAAAGTAGGTCTTAGTGATCCGGTGGTTCTGTATGGAAG
GGCCATCGCTCAACGGATAAAAGGTACTCTGGGGATAACAGGCTGATACC
GCCCAAGAGTTCATATCGACGGCGGTGTTTGGCACCTCGATGTCGGCTCA
TCTCATCCTGGGGCTGAAGCAGGTCCCAAGGGTATGGCTGTTCGCCATTT
AAAGAGGTACGCGAGCTGGGTTTAGAACGTCGTGAGACAGTTCGGTCCCT
ATCTACCGTGGGCGCTGGAAATTTGAGAGGATCTGCTCCTAGTACGAGAG
GACCAGAGTGGACGAACCTCTGGTGTACCGGTTGTGACGCCAGTCGCATC
GCCGGGTAGCTATGTTCGGAAGGGATAACCGCTGAAAGCATCTAAGCGGG
AAGCCTACCTCAAGATAAGATTTCCCTAGGACTTTATGTCCTCTAAAGAG
CCGTTCGAGACTAGGACGTTGATAGGTTGGATGTGGAAGCATAGTGATAT
GTGAAGCTGACCAATACTAATTGCTCGTGAGGCTTGACTA"	"Type: rRNA, Location: [262929:265819](+),
Qualifiers: locus_tag: ['AMPIKKCB_00260'];
product: ['23S ribosomal RNA']"
acinetobacter baumanni	AMPIKKCB_00681	"TCAAGTAATTAAGTGCATGTGGTGGATGCCTTGGCAGTCAGAGGCGATGA
AAGACGTGATAGCCTGCGAAAAGCTCCGGGGAGGCGGCAAATATCCTTTG
ATCCGGAGATGTCTGAATGGGGGAACCCACCTACTTTAAGGTAGGTATTG
CAACATGAATACATAGTGTTGCAAGGCGAACGAGGGGAAGTGAAACATCT
CAGTACCCTTAGGAAAAGAAATCAATTGAGATTCCCTCAGTAGCGGCGAG
CGAACGGGGATCAGCCCATTAAGTTATGTGTGTTTTAGTGGAACGCTCTG
GGAAGTGCGAACGTAGAGGGTGATATTCCCGTACACGAAAGGGCACACAT
AATGATGACGAGTAGGGCGAGGCACGTGAAACCTTGTCTGAATATGGGGG
GACCATCCTCCAAGGCTAAATACTCCTGACTGACCGATAGTGAACCAGTA
CCGTGAGGGAAAGGCGAAAAGAACCCCTGTGAGGGGAGTGAAATAGATCC
TGAAACCGCATGCATACAAGCAGTGGGAGCACCTTTGTGGTGTGACTGCG
TACCTTTTGTATAATGGGTCAGCGACTTATATTCAGTAGCGAGGTTAACC
GTATAGGGGAGCCGTAGAGAAATCGAGTCTTAATAGGGCGTTTAGTTGCT
GGGTATAGACCCGAAACCAGGCGATCTATCCATGAGCAGGTTGAAGGTTG
GGTAACACTAACTGGAGGACCGAACCCACTGTCGTTGAAAAGCCAGGGGA
TGACTTGTGGATAGGGGTGAAAGGCTAATCAAGCCTGGTGATAGCTGGTT
CTCCCCGAAAGCTATTTAGGTAGCGCCTCGGACGAATACCATAGGGGGTA
GAGCACTGTTTCGGCTAGGGGGTCATCCCGACTTACCAAACCGATGCAAA
CTCCGAATACCTATGAGTACTATCCGGGAGACAGACTGCGGGTGCTAACG
TCCGTAGTCAAGAGGAAAACAATCCAGACCGCCAGCTAAGGCCCCAAAAT
CATAGTTAAGTGGGAAACGATGTGGGAAGGCATAGACAGCTAGGAGGTTG
GCTTAGAAGCAGCCACCCTTTAAAGAAAGCGTAATAGCTCACTAGTCGAG
TCGGCCTGCGCGGAAGATGTAACGGGGCTAAAACTATGTGCCGAAGCTGC
GGATGTATACTTTGTATACGTGGTAGGGGAGCGTTCTGTAAGCCGATGAA
GGTGTGTTGAGAAGCATGCTGGAGGTATCAGAAGTGCGAATGCTGACGTG
AGTAACGACAAAACGGGTGAAAAACCCGTTCGCCGAAAGACCAAGGGTTC
CAGTCCAACGTTAATCGGGGCTGGGTGAGTCGACCCCTAAGGCGAGGCCG
AAAGGCGTAGTCGATGGGAAAATGGTTAATATTCCATTACTTCTGTGTAA
TGCGATGAGAGGACGGAGAAGGCTAAATCAGCCTGGCGTTGGTTGTCCAG
GTGAAAGGATGTAGGCATGTATCTTAGGCAAATCCGGGGTACTCTATGCT
GAGATCTGATAGCAAGCTGTACTTGTACAGCGAAGTGGTTGATGCCATGC
TTCCAGGAAAAGTCTCTAAGCTTCAGTTACACAGGAATCGTACCCGAAAC
CGACACAGGTGGTCAGGTCGAGTAGACCAAGGCGCTTGAGAGAACTCTGC
TGAAGGAACTAGGCAAAATGGTACCGTAACTTCGGGAGAAGGTACGCTGT
TGTTGGTGATGGAACTCGCTTCCTGAGCTGACGACAGCCGCAGAAACCAG
GCCGCTGCAACTGTTTATTAAAAACATAGCACTCTGCAAACACGAAAGTG
GACGTATAGGGTGTGATGCCTGCCCGGTGCTGGAAGGTTAATTGATGGGG
TTAGCGTAAGCGAAGCTCTTGATCGAAGCCCCAGTAAACGGCGGCCGTAA
CTATAACGGTCCTAAGGTAGCGAAATTCCTTGTCGGGTAAGTTCCGACCT
GCACGAATGGCATAATGATGGCGGCGCTGTCTCCAGCAGAGGCTCAGTGA
AATCGAAATCGCTGTGAAGATGCAGTGTACCCGCGGCTAGACGGAAAGAC
CCCGTGAACCTTTACTGCAGCTTGACACTGAACTTTGACCTTACTTGTGT
AGGATAGGTGGGAGGCTTTGAAGCTGGAACGCTAGTTCCAGTGGAGCCGT
CCTTGAAATACCACCCTGGTAATGTTGAGGTTCTAACTCTGTCCCGTGAT
CCGGGACGAGGACCGTGTCTGGTGGGTAGTTTGACTGGGGCGGTCTCCTC
CTAAAGAGTAACGGAGGAGTACGAAGGTGCGCTCAGCGTGGTCGGAAATC
ACGCGTAGAGTATAAAGGCAAAAGCGCGCTTAACTGCGAGACCCACAAGT
CGAGCAGGTACGAAAGTAGGTCTTAGTGATCCGGTGGTTCTGTATGGAAG
GGCCATCGCTCAACGGATAAAAGGTACTCTGGGGATAACAGGCTGATACC
GCCCAAGAGTTCATATCGACGGCGGTGTTTGGCACCTCGATGTCGGCTCA
TCTCATCCTGGGGCTGAAGCAGGTCCCAAGGGTATGGCTGTTCGCCATTT
AAAGAGGTACGCGAGCTGGGTTTAGAACGTCGTGAGACAGTTCGGTCCCT
ATCTACCGTGGGCGCTGGAAATTTGAGAGGATCTGCTCCTAGTACGAGAG
GACCAGAGTGGACGAACCTCTGGTGTACCGGTTGTGACGCCAGTCGCATC
GCCGGGTAGCTATGTTCGGAAGGGATAACCGCTGAAAGCATCTAAGCGGG
AAGCCTACCTCAAGATAAGATTTCCCTAGGACTTTATGTCCTCTAAAGAG
CCGTTCGAGACTAGGACGTTGATAGGTTGGATGTGGAAGCATAGTGATAT
GTGAAGCTGACCAATACTAATTGCTCGTGAGGCTTGACTA"	"Type: rRNA, Location: [712663:715553](+),
Qualifiers: locus_tag: ['AMPIKKCB_00681'];
product: ['23S ribosomal RNA']"
acinetobacter baumanni	AMPIKKCB_03297	"TCAAGTAATTAAGTGCATGTGGTGGATGCCTTGGCAGTCAGAGGCGATGA
AAGACGTGATAGCCTGCGAAAAGCTCCGGGGAGGCGGCAAATATCCTTTG
ATCCGGAGATGTCTGAATGGGGGAACCCACCTACTTTAAGGTAGGTATTG
CAACATGAATACATAGTGTTGCAAGGCGAACGAGGGGAAGTGAAACATCT
CAGTACCCTTAGGAAAAGAAATCAATTGAGATTCCCTCAGTAGCGGCGAG
CGAACGGGGATCAGCCCATTAAGTTATGTGTGTTTTAGTGGAACGCTCTG
GGAAGTGCGAACGTAGAGGGTGATATTCCCGTACACGAAAGGGCACACAT
AATGATGACGAGTAGGGCGAGGCACGTGAAACCTTGTCTGAATATGGGGG
GACCATCCTCCAAGGCTAAATACTCCTGACTGACCGATAGTGAACCAGTA
CCGTGAGGGAAAGGCGAAAAGAACCCCTGTGAGGGGAGTGAAATAGATCC
TGAAACCGCATGCATACAAGCAGTGGGAGCACCTTTGTGGTGTGACTGCG
TACCTTTTGTATAATGGGTCAGCGACTTATATTCAGTAGCGAGGTTAACC
GTATAGGGGAGCCGTAGAGAAATCGAGTCTTAATAGGGCGTTTAGTTGCT
GGGTATAGACCCGAAACCAGGCGATCTATCCATGAGCAGGTTGAAGGTTG
GGTAACACTAACTGGAGGACCGAACCCACTGTCGTTGAAAAGCCAGGGGA
TGACTTGTGGATAGGGGTGAAAGGCTAATCAAGCCTGGTGATAGCTGGTT
CTCCCCGAAAGCTATTTAGGTAGCGCCTCGGACGAATACCATAGGGGGTA
GAGCACTGTTTCGGCTAGGGGGTCATCCCGACTTACCAAACCGATGCAAA
CTCCGAATACCTATGAGTACTATCCGGGAGACAGACTGCGGGTGCTAACG
TCCGTAGTCAAGAGGAAAACAATCCAGACCGCCAGCTAAGGCCCCAAAAT
CATAGTTAAGTGGGAAACGATGTGGGAAGGCATAGACAGCTAGGAGGTTG
GCTTAGAAGCAGCCACCCTTTAAAGAAAGCGTAATAGCTCACTAGTCGAG
TCGGCCTGCGCGGAAGATGTAACGGGGCTAAAACTATGTGCCGAAGCTGC
GGATGTATACTTTGTATACGTGGTAGGGGAGCGTTCTGTAAGCCGATGAA
GGTGTGTTGAGAAGCATGCTGGAGGTATCAGAAGTGCGAATGCTGACGTG
AGTAACGACAAAACGGGTGAAAAACCCGTTCGCCGAAAGACCAAGGGTTC
CAGTCCAACGTTAATCGGGGCTGGGTGAGTCGACCCCTAAGGCGAGGCCG
AAAGGCGTAGTCGATGGGAAAATGGTTAATATTCCATTACTTCTGTGTAA
TGCGATGAGAGGACGGAGAAGGCTAAATCAGCCTGGCGTTGGTTGTCCAG
GTGAAAGGATGTAGGCATGTATCTTAGGCAAATCCGGGGTACTCTATGCT
GAGATCTGATAGCAAGCTGTACTTGTACAGCGAAGTGGTTGATGCCATGC
TTCCAGGAAAAGTCTCTAAGCTTCAGTTACACAGGAATCGTACCCGAAAC
CGACACAGGTGGTCAGGTCGAGTAGACCAAGGCGCTTGAGAGAACTCTGC
TGAAGGAACTAGGCAAAATGGTACCGTAACTTCGGGAGAAGGTACGCTGT
TGTTGGTGATGGAACTCGCTTCCTGAGCTGACGACAGCCGCAGAAACCAG
GCCGCTGCAACTGTTTATTAAAAACATAGCACTCTGCAAACACGAAAGTG
GACGTATAGGGTGTGATGCCTGCCCGGTGCTGGAAGGTTAATTGATGGGG
TTAGCGTAAGCGAAGCTCTTGATCGAAGCCCCAGTAAACGGCGGCCGTAA
CTATAACGGTCCTAAGGTAGCGAAATTCCTTGTCGGGTAAGTTCCGACCT
GCACGAATGGCATAATGATGGCGGCGCTGTCTCCAGCAGAGGCTCAGTGA
AATCGAAATCGCTGTGAAGATGCAGTGTACCCGCGGCTAGACGGAAAGAC
CCCGTGAACCTTTACTGCAGCTTGACACTGAACTTTGACCTTACTTGTGT
AGGATAGGTGGGAGGCTTTGAAGCTGGAACGCTAGTTCCAGTGGAGCCGT
CCTTGAAATACCACCCTGGTAATGTTGAGGTTCTAACTCTGTCCCGTGAT
CCGGGACGAGGACCGTGTCTGGTGGGTAGTTTGACTGGGGCGGTCTCCTC
CTAAAGAGTAACGGAGGAGTACGAAGGTGCGCTCAGCGTGGTCGGAAATC
ACGCGTAGAGTATAAAGGCAAAAGCGCGCTTAACTGCGAGACCCACAAGT
CGAGCAGGTACGAAAGTAGGTCTTAGTGATCCGGTGGTTCTGTATGGAAG
GGCCATCGCTCAACGGATAAAAGGTACTCTGGGGATAACAGGCTGATACC
GCCCAAGAGTTCATATCGACGGCGGTGTTTGGCACCTCGATGTCGGCTCA
TCTCATCCTGGGGCTGAAGCAGGTCCCAAGGGTATGGCTGTTCGCCATTT
AAAGAGGTACGCGAGCTGGGTTTAGAACGTCGTGAGACAGTTCGGTCCCT
ATCTACCGTGGGCGCTGGAAATTTGAGAGGATCTGCTCCTAGTACGAGAG
GACCAGAGTGGACGAACCTCTGGTGTACCGGTTGTGACGCCAGTCGCATC
GCCGGGTAGCTATGTTCGGAAGGGATAACCGCTGAAAGCATCTAAGCGGG
AAGCCTACCTCAAGATAAGATTTCCCTAGGACTTTATGTCCTCTAAAGAG
CCGTTCGAGACTAGGACGTTGATAGGTTGGATGTGGAAGCATAGTGATAT
GTGAAGCTGACCAATACTAATTGCTCGTGAGGCTTGACTA"	"Type: rRNA, Location: [3470984:3473874](-),
Qualifiers: locus_tag: ['AMPIKKCB_03297'];
product: ['23S ribosomal RNA']"
acinetobacter baumanni	AMPIKKCB_03330	"TCAAGTAATTAAGTGCATGTGGTGGATGCCTTGGCAGTCAGAGGCGATGA
AAGACGTGATAGCCTGCGAAAAGCTCCGGGGAGGCGGCAAATATCCTTTG
ATCCGGAGATGTCTGAATGGGGGAACCCACCTACTTTAAGGTAGGTATTG
CAACATGAATACATAGTGTTGCAAGGCGAACGAGGGGAAGTGAAACATCT
CAGTACCCTTAGGAAAAGAAATCAATTGAGATTCCCTCAGTAGCGGCGAG
CGAACGGGGATCAGCCCATTAAGTTATGTGTGTTTTAGTGGAACGCTCTG
GGAAGTGCGAACGTAGAGGGTGATATTCCCGTACACGAAAGGGCACACAT
AATGATGACGAGTAGGGCGAGGCACGTGAAACCTTGTCTGAATATGGGGG
GACCATCCTCCAAGGCTAAATACTCCTGACTGACCGATAGTGAACCAGTA
CCGTGAGGGAAAGGCGAAAAGAACCCCTGTGAGGGGAGTGAAATAGATCC
TGAAACCGCATGCATACAAGCAGTGGGAGCACCTTTGTGGTGTGACTGCG
TACCTTTTGTATAATGGGTCAGCGACTTATATTCAGTAGCGAGGTTAACC
GTATAGGGGAGCCGTAGAGAAATCGAGTCTTAATAGGGCGTTTAGTTGCT
GGGTATAGACCCGAAACCAGGCGATCTATCCATGAGCAGGTTGAAGGTTG
GGTAACACTAACTGGAGGACCGAACCCACTGTCGTTGAAAAGCCAGGGGA
TGACTTGTGGATAGGGGTGAAAGGCTAATCAAGCCTGGTGATAGCTGGTT
CTCCCCGAAAGCTATTTAGGTAGCGCCTCGGACGAATACCATAGGGGGTA
GAGCACTGTTTCGGCTAGGGGGTCATCCCGACTTACCAAACCGATGCAAA
CTCCGAATACCTATGAGTACTATCCGGGAGACAGACTGCGGGTGCTAACG
TCCGTAGTCAAGAGGAAAACAATCCAGACCGCCAGCTAAGGCCCCAAAAT
CATAGTTAAGTGGGAAACGATGTGGGAAGGCATAGACAGCTAGGAGGTTG
GCTTAGAAGCAGCCACCCTTTAAAGAAAGCGTAATAGCTCACTAGTCGAG
TCGGCCTGCGCGGAAGATGTAACGGGGCTAAAACTATGTGCCGAAGCTGC
GGATGTATACTTTGTATACGTGGTAGGGGAGCGTTCTGTAAGCCGATGAA
GGTGTGTTGAGAAGCATGCTGGAGGTATCAGAAGTGCGAATGCTGACGTG
AGTAACGACAAAACGGGTGAAAAACCCGTTCGCCGAAAGACCAAGGGTTC
CAGTCCAACGTTAATCGGGGCTGGGTGAGTCGACCCCTAAGGCGAGGCCG
AAAGGCGTAGTCGATGGGAAAATGGTTAATATTCCATTACTTCTGTGTAA
TGCGATGAGAGGACGGAGAAGGCTAAATCAGCCTGGCGTTGGTTGTCCAG
GTGAAAGGATGTAGGCATGTATCTTAGGCAAATCCGGGGTACTCTATGCT
GAGATCTGATAGCAAGCTGTACTTGTACAGCGAAGTGGTTGATGCCATGC
TTCCAGGAAAAGTCTCTAAGCTTCAGTTACACAGGAATCGTACCCGAAAC
CGACACAGGTGGTCAGGTCGAGTAGACCAAGGCGCTTGAGAGAACTCTGC
TGAAGGAACTAGGCAAAATGGTACCGTAACTTCGGGAGAAGGTACGCTGT
TGTTGGTGATGGAACTCGCTTCCTGAGCTGACGACAGCCGCAGAAACCAG
GCCGCTGCAACTGTTTATTAAAAACATAGCACTCTGCAAACACGAAAGTG
GACGTATAGGGTGTGATGCCTGCCCGGTGCTGGAAGGTTAATTGATGGGG
TTAGCGTAAGCGAAGCTCTTGATCGAAGCCCCAGTAAACGGCGGCCGTAA
CTATAACGGTCCTAAGGTAGCGAAATTCCTTGTCGGGTAAGTTCCGACCT
GCACGAATGGCATAATGATGGCGGCGCTGTCTCCAGCAGAGGCTCAGTGA
AATCGAAATCGCTGTGAAGATGCAGTGTACCCGCGGCTAGACGGAAAGAC
CCCGTGAACCTTTACTGCAGCTTGACACTGAACTTTGACCTTACTTGTGT
AGGATAGGTGGGAGGCTTTGAAGCTGGAACGCTAGTTCCAGTGGAGCCGT
CCTTGAAATACCACCCTGGTAATGTTGAGGTTCTAACTCTGTCCCGTGAT
CCGGGACGAGGACCGTGTCTGGTGGGTAGTTTGACTGGGGCGGTCTCCTC
CTAAAGAGTAACGGAGGAGTACGAAGGTGCGCTCAGCGTGGTCGGAAATC
ACGCGTAGAGTATAAAGGCAAAAGCGCGCTTAACTGCGAGACCCACAAGT
CGAGCAGGTACGAAAGTAGGTCTTAGTGATCCGGTGGTTCTGTATGGAAG
GGCCATCGCTCAACGGATAAAAGGTACTCTGGGGATAACAGGCTGATACC
GCCCAAGAGTTCATATCGACGGCGGTGTTTGGCACCTCGATGTCGGCTCA
TCTCATCCTGGGGCTGAAGCAGGTCCCAAGGGTATGGCTGTTCGCCATTT
AAAGAGGTACGCGAGCTGGGTTTAGAACGTCGTGAGACAGTTCGGTCCCT
ATCTACCGTGGGCGCTGGAAATTTGAGAGGATCTGCTCCTAGTACGAGAG
GACCAGAGTGGACGAACCTCTGGTGTACCGGTTGTGACGCCAGTCGCATC
GCCGGGTAGCTATGTTCGGAAGGGATAACCGCTGAAAGCATCTAAGCGGG
AAGCCTACCTCAAGATAAGATTTCCCTAGGACTTTATGTCCTCTAAAGAG
CCGTTCGAGACTAGGACGTTGATAGGTTGGATGTGGAAGCATAGTGATAT
GTGAAGCTGACCAATACTAATTGCTCGTGAGGCTTGACTA"	"Type: rRNA, Location: [3503204:3506094](-),
Qualifiers: locus_tag: ['AMPIKKCB_03330'];
product: ['23S ribosomal RNA']"
acinetobacter baumanni	AMPIKKCB_03788	"TCAAGTAATTAAGTGCATGTGGTGGATGCCTTGGCAGTCAGAGGCGATGA
AAGACGTGATAGCCTGCGAAAAGCTCCGGGGAGGCGGCAAATATCCTTTG
ATCCGGAGATGTCTGAATGGGGGAACCCACCTACTTTAAGGTAGGTATTG
CAACATGAATACATAGTGTTGCAAGGCGAACGAGGGGAAGTGAAACATCT
CAGTACCCTTAGGAAAAGAAATCAATTGAGATTCCCTCAGTAGCGGCGAG
CGAACGGGGATCAGCCCATTAAGTTATGTGTGTTTTAGTGGAACGCTCTG
GGAAGTGCGAACGTAGAGGGTGATATTCCCGTACACGAAAGGGCACACAT
AATGATGACGAGTAGGGCGAGGCACGTGAAACCTTGTCTGAATATGGGGG
GACCATCCTCCAAGGCTAAATACTCCTGACTGACCGATAGTGAACCAGTA
CCGTGAGGGAAAGGCGAAAAGAACCCCTGTGAGGGGAGTGAAATAGATCC
TGAAACCGCATGCATACAAGCAGTGGGAGCACCTTTGTGGTGTGACTGCG
TACCTTTTGTATAATGGGTCAGCGACTTATATTCAGTAGCGAGGTTAACC
GTATAGGGGAGCCGTAGAGAAATCGAGTCTTAATAGGGCGTTTAGTTGCT
GGGTATAGACCCGAAACCAGGCGATCTATCCATGAGCAGGTTGAAGGTTG
GGTAACACTAACTGGAGGACCGAACCCACTGTCGTTGAAAAGCCAGGGGA
TGACTTGTGGATAGGGGTGAAAGGCTAATCAAGCCTGGTGATAGCTGGTT
CTCCCCGAAAGCTATTTAGGTAGCGCCTCGGACGAATACCATAGGGGGTA
GAGCACTGTTTCGGCTAGGGGGTCATCCCGACTTACCAAACCGATGCAAA
CTCCGAATACCTATGAGTACTATCCGGGAGACAGACTGCGGGTGCTAACG
TCCGTAGTCAAGAGGAAAACAATCCAGACCGCCAGCTAAGGCCCCAAAAT
CATAGTTAAGTGGGAAACGATGTGGGAAGGCATAGACAGCTAGGAGGTTG
GCTTAGAAGCAGCCACCCTTTAAAGAAAGCGTAATAGCTCACTAGTCGAG
TCGGCCTGCGCGGAAGATGTAACGGGGCTAAAACTATGTGCCGAAGCTGC
GGATGTATACTTTGTATACGTGGTAGGGGAGCGTTCTGTAAGCCGATGAA
GGTGTGTTGAGAAGCATGCTGGAGGTATCAGAAGTGCGAATGCTGACGTG
AGTAACGACAAAACGGGTGAAAAACCCGTTCGCCGAAAGACCAAGGGTTC
CAGTCCAACGTTAATCGGGGCTGGGTGAGTCGACCCCTAAGGCGAGGCCG
AAAGGCGTAGTCGATGGGAAAATGGTTAATATTCCATTACTTCTGTGTAA
TGCGATGAGAGGACGGAGAAGGCTAAATCAGCCTGGCGTTGGTTGTCCAG
GTGAAAGGATGTAGGCATGTATCTTAGGCAAATCCGGGGTACTCTATGCT
GAGATCTGATAGCAAGCTGTACTTGTACAGCGAAGTGGTTGATGCCATGC
TTCCAGGAAAAGTCTCTAAGCTTCAGTTACACAGGAATCGTACCCGAAAC
CGACACAGGTGGTCAGGTCGAGTAGACCAAGGCGCTTGAGAGAACTCTGC
TGAAGGAACTAGGCAAAATGGTACCGTAACTTCGGGAGAAGGTACGCTGT
TGTTGGTGATGGAACTCGCTTCCTGAGCTGACGACAGCCGCAGAAACCAG
GCCGCTGCAACTGTTTATTAAAAACATAGCACTCTGCAAACACGAAAGTG
GACGTATAGGGTGTGATGCCTGCCCGGTGCTGGAAGGTTAATTGATGGGG
TTAGCGTAAGCGAAGCTCTTGATCGAAGCCCCAGTAAACGGCGGCCGTAA
CTATAACGGTCCTAAGGTAGCGAAATTCCTTGTCGGGTAAGTTCCGACCT
GCACGAATGGCATAATGATGGCGGCGCTGTCTCCAGCAGAGGCTCAGTGA
AATCGAAATCGCTGTGAAGATGCAGTGTACCCGCGGCTAGACGGAAAGAC
CCCGTGAACCTTTACTGCAGCTTGACACTGAACTTTGACCTTACTTGTGT
AGGATAGGTGGGAGGCTTTGAAGCTGGAACGCTAGTTCCAGTGGAGCCGT
CCTTGAAATACCACCCTGGTAATGTTGAGGTTCTAACTCTGTCCCGTGAT
CCGGGACGAGGACCGTGTCTGGTGGGTAGTTTGACTGGGGCGGTCTCCTC
CTAAAGAGTAACGGAGGAGTACGAAGGTGCGCTCAGCGTGGTCGGAAATC
ACGCGTAGAGTATAAAGGCAAAAGCGCGCTTAACTGCGAGACCCACAAGT
CGAGCAGGTACGAAAGTAGGTCTTAGTGATCCGGTGGTTCTGTATGGAAG
GGCCATCGCTCAACGGATAAAAGGTACTCTGGGGATAACAGGCTGATACC
GCCCAAGAGTTCATATCGACGGCGGTGTTTGGCACCTCGATGTCGGCTCA
TCTCATCCTGGGGCTGAAGCAGGTCCCAAGGGTATGGCTGTTCGCCATTT
AAAGAGGTACGCGAGCTGGGTTTAGAACGTCGTGAGACAGTTCGGTCCCT
ATCTACCGTGGGCGCTGGAAATTTGAGAGGATCTGCTCCTAGTACGAGAG
GACCAGAGTGGACGAACCTCTGGTGTACCGGTTGTGACGCCAGTCGCATC
GCCGGGTAGCTATGTTCGGAAGGGATAACCGCTGAAAGCATCTAAGCGGG
AAGCCTACCTCAAGATAAGATTTCCCTAGGACTTTATGTCCTCTAAAGAG
CCGTTCGAGACTAGGACGTTGATAGGTTGGATGTGGAAGCATAGTGATAT
GTGAAGCTGACCAATACTAATTGCTCGTGAGGCTTGACTA"	"Type: rRNA, Location: [3976312:3979202](-),
Qualifiers: locus_tag: ['AMPIKKCB_03788'];
product: ['23S ribosomal RNA']"
pseudomonas aeruginosa	NJOOCDGH_00686	"TCAAGTGAAGAAGCGCATACGGTGGATGCCTTGGCAGTCAGAGGCGATGA
AAGACGTGGTAGCCTGCGAAAAGCTTCGGGGAGTCGGCAAACAGACTTTG
ATCCGGAGATCTCTGAATGGGGGAACCCACCTAGGATAACCTAGGTATCT
TGTACTGAATCCATAGGTGCAAGAGGCGAACCAGGGGAACTGAAACATCT
AAGTACCCTGAGGAAAAGAAATCAACCGAGATTCCCTTAGTAGTGGCGAG
CGAACGGGGATTAGCCCTTAAGCTTCATTGATTTTAGCGGAACGCTCTGG
AAAGTGCGGCCATAGTGGGTGATAGCCCCGTACGCGAAAGGATCTTTGAA
GTGAAATCGAGTAGGACGGAGCACGAGAAACTTTGTCTGAACATGGGGGG
ACCATCCTCCAAGGCTAAATACTACTGACTGACCGATAGTGAACCAGTAC
CGTGAGGGAAAGGCGAAAAGAACCCCGGAGAGGGGAGTGAAATAGAACCT
GAAACCGTATGCGTACAAGCAGTGGGAGCCTACTTGTTAGGTGACTGCGT
ACCTTTTGTATAATGGGTCAGCGACTTATATTCAGTGGCAAGCTTAACCG
TATAGGGTAGGCGTAGCGAAAGCGAGTCTTAATAGGGCGTTTAGTCGCTG
GGTATAGACCCGAAACCGGGCGATCTATCCATGAGCAGGTTGAAGGTTAG
GTAACACTGACTGGAGGACCGAACCCACTCCCGTTGAAAAGGTAGGGGAT
GACTTGTGGATCGGAGTGAAAGGCTAATCAAGCTCGGAGATAGCTGGTTC
TCCTCGAAAGCTATTTAGGTAGCGCCTCATGTATCACTCTGGGGGGTAGA
GCACTGTTTCGGCTAGGGGGTCATCCCGACTTACCAAACCGATGCAAACT
CCGAATACCCAGAAGTGCCGAGCATGGGAGACACACGGCGGGTGCTAACG
TCCGTCGTGAAAAGGGAAACAACCCAGACCGCCAGCTAAGGTCCCAAAGT
TGTGGTTAAGTGGTAAACGATGTGGGAAGGCTTAGACAGCTAGGAGGTTG
GCTTAGAAGCAGCCACCCTTTAAAGAAAGCGTAATAGCTCACTAGTCGAG
TCGGCCTGCGCGGAAGATGTAACGGGGCTCAAACCACACACCGAAGCTGC
GGGTGTCACGTAAGTGACGCGGTAGAGGAGCGTTCTGTAAGCCTGTGAAG
GTGAGTTGAGAAGCTTGCTGGAGGTATCAGAAGTGCGAATGCTGACATGA
GTAACGACAATGGGTGTGAAAAACACCCACGCCGAAAGACCAAGGGTTCC
TGCGCAACGTTAATCGACGCAGGGTTAGTCGGTTCCTAAGGCGAGGCTGA
AAAGCGTAGTCGATGGGAAACAGGTTAATATTCCTGTACTTCTGGTTACT
GCGATGGAGGGACGGAGAAGGCTAGGCCAGCTTGGCGTTGGTTGTCCAAG
TTTAAGGTGGTAGGCTGAAATCTTAGGTAAATCCGGGGTTTCAAGGCCGA
GAGCTGATGACGAGTCGTCTTTTAGATGACGAAGTGGTTGATGCCATGCT
TCCAAGAAAAGCTTCTAAGCTTCAGGTAACCAGGAACCGTACCCCAAACC
GACACAGGTGGTCGGGTAGAGAATACCAAGGCGCTTGAGAGAACTCGGGT
GAAGGAACTAGGCAAAATGGCACCGTAACTTCGGGAGAAGGTGCGCCGGC
TAGGGTGAAGGATTTACTCCGTAAGCTCTGGCTGGTCGAAGATACCAGGC
CGCTGCGACTGTTTATTAAAAACACAGCACTCTGCAAACACGAAAGTGGA
CGTATAGGGTGTGACGCCTGCCCGGTGCCGGAAGGTTAATTGATGGGGTT
AGCGCAAGCGAAGCTCTTGATCGAAGCCCCGGTAAACGGCGGCCGTAACT
ATAACGGTCCTAAGGTAGCGAAATTCCTTGTCGGGTAAGTTCCGACCTGC
ACGAATGGCGTAACGATGGCGGCGCTGTCTCCACCCGAGACTCAGTGAAA
TTGAAATCGCTGTGAAGATGCAGTGTATCCGCGGCTAGACGGAAAGACCC
CGTGAACCTTTACTGTAGCTTTGCACTGGACTTTGAGCCTGCTTGTGTAG
GATAGGTGGGAGGCTTTGAAGCGTGGACGCCAGTTCGCGTGGAGCCATCC
TTGAAATACCACCCTGGCATGCTTGAGGTTCTAACTCTGGTCCGTAATCC
GGATCGAGGACAGTGTATGGTGGGCAGTTTGACTGGGGCGGTCTCCTCCT
AAAGAGTAACGGAGGAGTACGAAGGTGCGCTCAGACCGGTCGGAAATCGG
TCGCAGAGTATAAAGGCAAAAGCGCGCTTGACTGCGAGACAGACACGTCG
AGCAGGTACGAAAGTAGGTCTTAGTGATCCGGTGGTTCTGTATGGAAGGG
CCATCGCTCAACGGATAAAAGGTACTCCGGGGATAACAGGCTGATACCGC
CCAAGAGTTCATATCGACGGCGGTGTTTGGCACCTCGATGTCGGCTCATC
ACATCCTGGGGCTGAAGCCGGTCCCAAGGGTATGGCTGTTCGCCATTTAA
AGTGGTACGCGAGCTGGGTTTAGAACGTCGTGAGACAGTTCGGTCCCTAT
CTGCCGTGGACGTTTGAGATTTGAGAGGGGCTGCTCCTAGTACGAGAGGA
CCGGAGTGGACGAACCTCTGGTGTTCCGGTTGTCACGCCAGTGGCATTGC
CGGGTAGCTATGTTCGGAAAAGATAACCGCTGAAAGCATCTAAGCGGGAA
ACTTGCCTCAAGATGAGATCTCACTGGGAACTTGATTCCCCTGAAGGGCC
GTCGAAGACTACGACGTTGATAGGCTGGGTGTGTAAGCGTTGTGAGGCGT
TGAGCTAACCAGTACTAATTGCCCGTGAGGCTTGACCA"	"Type: rRNA, Location: [724104:726992](+),
Qualifiers: locus_tag: ['NJOOCDGH_00686'];
product: ['23S ribosomal RNA']"
pseudomonas aeruginosa	NJOOCDGH_04418	"TCAAGTGAAGAAGCGCATACGGTGGATGCCTTGGCAGTCAGAGGCGATGA
AAGACGTGGTAGCCTGCGAAAAGCTTCGGGGAGTCGGCAAACAGACTTTG
ATCCGGAGATCTCTGAATGGGGGAACCCACCTAGGATAACCTAGGTATCT
TGTACTGAATCCATAGGTGCAAGAGGCGAACCAGGGGAACTGAAACATCT
AAGTACCCTGAGGAAAAGAAATCAACCGAGATTCCCTTAGTAGTGGCGAG
CGAACGGGGATTAGCCCTTAAGCTTCATTGATTTTAGCGGAACGCTCTGG
AAAGTGCGGCCATAGTGGGTGATAGCCCCGTACGCGAAAGGATCTTTGAA
GTGAAATCGAGTAGGACGGAGCACGAGAAACTTTGTCTGAACATGGGGGG
ACCATCCTCCAAGGCTAAATACTACTGACTGACCGATAGTGAACCAGTAC
CGTGAGGGAAAGGCGAAAAGAACCCCGGAGAGGGGAGTGAAATAGAACCT
GAAACCGTATGCGTACAAGCAGTGGGAGCCTACTTGTTAGGTGACTGCGT
ACCTTTTGTATAATGGGTCAGCGACTTATATTCAGTGGCAAGCTTAACCG
TATAGGGTAGGCGTAGCGAAAGCGAGTCTTAATAGGGCGTTTAGTCGCTG
GGTATAGACCCGAAACCGGGCGATCTATCCATGAGCAGGTTGAAGGTTAG
GTAACACTGACTGGAGGACCGAACCCACTCCCGTTGAAAAGGTAGGGGAT
GACTTGTGGATCGGAGTGAAAGGCTAATCAAGCTCGGAGATAGCTGGTTC
TCCTCGAAAGCTATTTAGGTAGCGCCTCATGTATCACTCTGGGGGGTAGA
GCACTGTTTCGGCTAGGGGGTCATCCCGACTTACCAAACCGATGCAAACT
CCGAATACCCAGAAGTGCCGAGCATGGGAGACACACGGCGGGTGCTAACG
TCCGTCGTGAAAAGGGAAACAACCCAGACCGCCAGCTAAGGTCCCAAAGT
TGTGGTTAAGTGGTAAACGATGTGGGAAGGCTTAGACAGCTAGGAGGTTG
GCTTAGAAGCAGCCACCCTTTAAAGAAAGCGTAATAGCTCACTAGTCGAG
TCGGCCTGCGCGGAAGATGTAACGGGGCTCAAACCACACACCGAAGCTGC
GGGTGTCACGTAAGTGACGCGGTAGAGGAGCGTTCTGTAAGCCTGTGAAG
GTGAGTTGAGAAGCTTGCTGGAGGTATCAGAAGTGCGAATGCTGACATGA
GTAACGACAATGGGTGTGAAAAACACCCACGCCGAAAGACCAAGGGTTCC
TGCGCAACGTTAATCGACGCAGGGTTAGTCGGTTCCTAAGGCGAGGCTGA
AAAGCGTAGTCGATGGGAAACAGGTTAATATTCCTGTACTTCTGGTTACT
GCGATGGAGGGACGGAGAAGGCTAGGCCAGCTTGGCGTTGGTTGTCCAAG
TTTAAGGTGGTAGGCTGAAATCTTAGGTAAATCCGGGGTTTCAAGGCCGA
GAGCTGATGACGAGTCGTCTTTTAGATGACGAAGTGGTTGATGCCATGCT
TCCAAGAAAAGCTTCTAAGCTTCAGGTAACCAGGAACCGTACCCCAAACC
GACACAGGTGGTCGGGTAGAGAATACCAAGGCGCTTGAGAGAACTCGGGT
GAAGGAACTAGGCAAAATGGCACCGTAACTTCGGGAGAAGGTGCGCCGGC
TAGGGTGAAGGATTTACTCCGTAAGCTCTGGCTGGTCGAAGATACCAGGC
CGCTGCGACTGTTTATTAAAAACACAGCACTCTGCAAACACGAAAGTGGA
CGTATAGGGTGTGACGCCTGCCCGGTGCCGGAAGGTTAATTGATGGGGTT
AGCGCAAGCGAAGCTCTTGATCGAAGCCCCGGTAAACGGCGGCCGTAACT
ATAACGGTCCTAAGGTAGCGAAATTCCTTGTCGGGTAAGTTCCGACCTGC
ACGAATGGCGTAACGATGGCGGCGCTGTCTCCACCCGAGACTCAGTGAAA
TTGAAATCGCTGTGAAGATGCAGTGTATCCGCGGCTAGACGGAAAGACCC
CGTGAACCTTTACTGTAGCTTTGCACTGGACTTTGAGCCTGCTTGTGTAG
GATAGGTGGGAGGCTTTGAAGCGTGGACGCCAGTTCGCGTGGAGCCATCC
TTGAAATACCACCCTGGCATGCTTGAGGTTCTAACTCTGGTCCGTAATCC
GGATCGAGGACAGTGTATGGTGGGCAGTTTGACTGGGGCGGTCTCCTCCT
AAAGAGTAACGGAGGAGTACGAAGGTGCGCTCAGACCGGTCGGAAATCGG
TCGCAGAGTATAAAGGCAAAAGCGCGCTTGACTGCGAGACAGACACGTCG
AGCAGGTACGAAAGTAGGTCTTAGTGATCCGGTGGTTCTGTATGGAAGGG
CCATCGCTCAACGGATAAAAGGTACTCCGGGGATAACAGGCTGATACCGC
CCAAGAGTTCATATCGACGGCGGTGTTTGGCACCTCGATGTCGGCTCATC
ACATCCTGGGGCTGAAGCCGGTCCCAAGGGTATGGCTGTTCGCCATTTAA
AGTGGTACGCGAGCTGGGTTTAGAACGTCGTGAGACAGTTCGGTCCCTAT
CTCCGTGGACGTTTGAGATTTGAGAGGGGCTGCTCCTAGTACGAGAGGAC
CGGAGTGGACGAACCTCTGGGTTCCGGTTGTCACGCCAGTGGCATTGCCG
GGTAGCTATGTTCGGAAAAGATAACCGCTGAAAGCATCTAAGCGGGAAAC
TTGCCTCAAGATGAGATCTCACTGGGAACTTGATTCCCCTGAAGGGCCGT
CGAAGACTACGACGTTGATAGGCTGGGTGTGTAAGCGTTGTGAGGCGTTG
AGCTAACCAGTACTAATTGCCCGTGAGGCTTGACCA"	"Type: rRNA, Location: [4788837:4791723](-),
Qualifiers: locus_tag: ['NJOOCDGH_04418'];
product: ['23S ribosomal RNA']"
pseudomonas aeruginosa	NJOOCDGH_04850	"TCAAGTGAAGAAGCGCATACGGTGGATGCCTTGGCAGTCAGAGGCGATGA
AAGACGTGGTAGCCTGCGAAAAGCTTCGGGGAGTCGGCAAACAGACTTTG
ATCCGGAGATCTCTGAATGGGGGAACCCACCTAGGATAACCTAGGTATCT
TGTACTGAATCCATAGGTGCAAGAGGCGAACCAGGGGAACTGAAACATCT
AAGTACCCTGAGGAAAAGAAATCAACCGAGATTCCCTTAGTAGTGGCGAG
CGAACGGGGATTAGCCCTTAAGCTTCATTGATTTTAGCGGAACGCTCTGG
AAAGTGCGGCCATAGTGGGTGATAGCCCCGTACGCGAAAGGATCTTTGAA
GTGAAATCGAGTAGGACGGAGCACGAGAAACTTTGTCTGAACATGGGGGG
ACCATCCTCCAAGGCTAAATACTACTGACTGACCGATAGTGAACCAGTAC
CGTGAGGGAAAGGCGAAAAGAACCCCGGAGAGGGGAGTGAAATAGAACCT
GAAACCGTATGCGTACAAGCAGTGGGAGCCTACTTGTTAGGTGACTGCGT
ACCTTTTGTATAATGGGTCAGCGACTTATATTCAGTGGCAAGCTTAACCG
TATAGGGTAGGCGTAGCGAAAGCGAGTCTTAATAGGGCGTTTAGTCGCTG
GGTATAGACCCGAAACCGGGCGATCTATCCATGAGCAGGTTGAAGGTTAG
GTAACACTGACTGGAGGACCGAACCCACTCCCGTTGAAAAGGTAGGGGAT
GACTTGTGGATCGGAGTGAAAGGCTAATCAAGCTCGGAGATAGCTGGTTC
TCCTCGAAAGCTATTTAGGTAGCGCCTCATGTATCACTCTGGGGGGTAGA
GCACTGTTTCGGCTAGGGGGTCATCCCGACTTACCAAACCGATGCAAACT
CCGAATACCCAGAAGTGCCGAGCATGGGAGACACACGGCGGGTGCTAACG
TCCGTCGTGAAAAGGGAAACAACCCAGACCGCCAGCTAAGGTCCCAAAGT
TGTGGTTAAGTGGTAAACGATGTGGGAAGGCTTAGACAGCTAGGAGGTTG
GCTTAGAAGCAGCCACCCTTTAAAGAAAGCGTAATAGCTCACTAGTCGAG
TCGGCCTGCGCGGAAGATGTAACGGGGCTCAAACCACACACCGAAGCTGC
GGGTGTCACGTAAGTGACGCGGTAGAGGAGCGTTCTGTAAGCCTGTGAAG
GTGAGTTGAGAAGCTTGCTGGAGGTATCAGAAGTGCGAATGCTGACATGA
GTAACGACAATGGGTGTGAAAAACACCCACGCCGAAAGACCAAGGGTTCC
TGCGCAACGTTAATCGACGCAGGGTTAGTCGGTTCCTAAGGCGAGGCTGA
AAAGCGTAGTCGATGGGAAACAGGTTAATATTCCTGTACTTCTGGTTACT
GCGATGGAGGGACGGAGAAGGCTAGGCCAGCTTGGCGTTGGTTGTCCAAG
TTTAAGGTGGTAGGCTGAAATCTTAGGTAAATCCGGGGTTTCAAGGCCGA
GAGCTGATGACGAGTCGTCTTTTAGATGACGAAGTGGTTGATGCCATGCT
TCCAAGAAAAGCTTCTAAGCTTCAGGTAACCAGGAACCGTACCCCAAACC
GACACAGGTGGTCGGGTAGAGAATACCAAGGCGCTTGAGAGAACTCGGGT
GAAGGAACTAGGCAAAATGGCACCGTAACTTCGGGAGAAGGTGCGCCGGC
TAGGGTGAAGGATTTACTCCGTAAGCTCTGGCTGGTCGAAGATACCAGGC
CGCTGCGACTGTTTATTAAAAACACAGCACTCTGCAAACACGAAAGTGGA
CGTATAGGGTGTGACGCCTGCCCGGTGCCGGAAGGTTAATTGATGGGGTT
AGCGCAAGCGAAGCTCTTGATCGAAGCCCCGGTAAACGGCGGCCGTAACT
ATAACGGTCCTAAGGTAGCGAAATTCCTTGTCGGGTAAGTTCCGACCTGC
ACGAATGGCGTAACGATGGCGGCGCTGTCTCCACCCGAGACTCAGTGAAA
TTGAAATCGCTGTGAAGATGCAGTGTATCCGCGGCTAGACGGAAAGACCC
CGTGAACCTTTACTGTAGCTTTGCACTGGACTTTGAGCCTGCTTGTGTAG
GATAGGTGGGAGGCTTTGAAGCGTGGACGCCAGTTCGCGTGGAGCCATCC
TTGAAATACCACCCTGGCATGCTTGAGGTTCTAACTCTGGTCCGTAATCC
GGATCGAGGACAGTGTATGGTGGGCAGTTTGACTGGGGCGGTCTCCTCCT
AAAGAGTAACGGAGGAGTACGAAGGTGCGCTCAGACCGGTCGGAAATCGG
TCGCAGAGTATAAAGGCAAAAGCGCGCTTGACTGCGAGACAGACACGTCG
AGCAGGTACGAAAGTAGGTCTTAGTGATCCGGTGGTTCTGTATGGAAGGG
CCATCGCTCAACGGATAAAAGGTACTCCGGGGATAACAGGCTGATACCGC
CCAAGAGTTCATATCGACGGCGGTGTTTGGCACCTCGATGTCGGCTCATC
ACATCCTGGGGCTGAAGCCGGTCCCAAGGGTATGGCTGTTCGCCATTTAA
AGTGGTACGCGAGCTGGGTTTAGAACGTCGTGAGACAGTTCGGTCCCTAT
CTGCCGTGGACGTTTGAGATTTGAGAGGGGCTGCTCCTAGTACGAGAGGA
CCGGAGTGGACGAACCTCTGGTGTTCCGGTTGTCACGCCAGTGGCATTGC
CGGGTAGCTATGTTCGGAAAAGATAACCGCTGAAAGCATCTAAGCGGGAA
ACTTGCCTCAAGATGAGATCTCACTGGGAACTTGATTCCCCTGAAGGGCC
GTCGAAGACTACGACGTTGATAGGCTGGGTGTGTAAGCGTTGTGAGGCGT
TGAGCTAACCAGTACTAATTGCCCGTGAGGCTTGACCA"	"Type: rRNA, Location: [5264363:5267251](-),
Qualifiers: locus_tag: ['NJOOCDGH_04850'];
product: ['23S ribosomal RNA']"
pseudomonas aeruginosa	NJOOCDGH_05551	"TCAAGTGAAGAAGCGCATACGGTGGATGCCTTGGCAGTCAGAGGCGATGA
AAGACGTGGTAGCCTGCGAAAAGCTTCGGGGAGTCGGCAAACAGACTTTG
ATCCGGAGATCTCTGAATGGGGGAACCCACCTAGGATAACCTAGGTATCT
TGTACTGAATCCATAGGTGCAAGAGGCGAACCAGGGGAACTGAAACATCT
AAGTACCCTGAGGAAAAGAAATCAACCGAGATTCCCTTAGTAGTGGCGAG
CGAACGGGGATTAGCCCTTAAGCTTCATTGATTTTAGCGGAACGCTCTGG
AAAGTGCGGCCATAGTGGGTGATAGCCCCGTACGCGAAAGGATCTTTGAA
GTGAAATCGAGTAGGACGGAGCACGAGAAACTTTGTCTGAACATGGGGGG
ACCATCCTCCAAGGCTAAATACTACTGACTGACCGATAGTGAACCAGTAC
CGTGAGGGAAAGGCGAAAAGAACCCCGGAGAGGGGAGTGAAATAGAACCT
GAAACCGTATGCGTACAAGCAGTGGGAGCCTACTTGTTAGGTGACTGCGT
ACCTTTTGTATAATGGGTCAGCGACTTATATTCAGTGGCAAGCTTAACCG
TATAGGGTAGGCGTAGCGAAAGCGAGTCTTAATAGGGCGTTTAGTCGCTG
GGTATAGACCCGAAACCGGGCGATCTATCCATGAGCAGGTTGAAGGTTAG
GTAACACTGACTGGAGGACCGAACCCACTCCCGTTGAAAAGGTAGGGGAT
GACTTGTGGATCGGAGTGAAAGGCTAATCAAGCTCGGAGATAGCTGGTTC
TCCTCGAAAGCTATTTAGGTAGCGCCTCATGTATCACTCTGGGGGGTAGA
GCACTGTTTCGGCTAGGGGGTCATCCCGACTTACCAAACCGATGCAAACT
CCGAATACCCAGAAGTGCCGAGCATGGGAGACACACGGCGGGTGCTAACG
TCCGTCGTGAAAAGGGAAACAACCCAGACCGCCAGCTAAGGTCCCAAAGT
TGTGGTTAAGTGGTAAACGATGTGGGAAGGCTTAGACAGCTAGGAGGTTG
GCTTAGAAGCAGCCACCCTTTAAAGAAAGCGTAATAGCTCACTAGTCGAG
TCGGCCTGCGCGGAAGATGTAACGGGGCTCAAACCACACACCGAAGCTGC
GGGTGTCACGTAAGTGACGCGGTAGAGGAGCGTTCTGTAAGCCTGTGAAG
GTGAGTTGAGAAGCTTGCTGGAGGTATCAGAAGTGCGAATGCTGACATGA
GTAACGACAATGGGTGTGAAAAACACCCACGCCGAAAGACCAAGGGTTCC
TGCGCAACGTTAATCGACGCAGGGTTAGTCGGTTCCTAAGGCGAGGCTGA
AAAGCGTAGTCGATGGGAAACAGGTTAATATTCCTGTACTTCTGGTTACT
GCGATGGAGGGACGGAGAAGGCTAGGCCAGCTTGGCGTTGGTTGTCCAAG
TTTAAGGTGGTAGGCTGAAATCTTAGGTAAATCCGGGGTTTCAAGGCCGA
GAGCTGATGACGAGTCGTCTTTTAGATGACGAAGTGGTTGATGCCATGCT
TCCAAGAAAAGCTTCTAAGCTTCAGGTAACCAGGAACCGTACCCCAAACC
GACACAGGTGGTCGGGTAGAGAATACCAAGGCGCTTGAGAGAACTCGGGT
GAAGGAACTAGGCAAAATGGCACCGTAACTTCGGGAGAAGGTGCGCCGGC
TAGGGTGAAGGATTTACTCCGTAAGCTCTGGCTGGTCGAAGATACCAGGC
CGCTGCGACTGTTTATTAAAAACACAGCACTCTGCAAACACGAAAGTGGA
CGTATAGGGTGTGACGCCTGCCCGGTGCCGGAAGGTTAATTGATGGGGTT
AGCGCAAGCGAAGCTCTTGATCGAAGCCCCGGTAAACGGCGGCCGTAACT
ATAACGGTCCTAAGGTAGCGAAATTCCTTGTCGGGTAAGTTCCGACCTGC
ACGAATGGCGTAACGATGGCGGCGCTGTCTCCACCCGAGACTCAGTGAAA
TTGAAATCGCTGTGAAGATGCAGTGTATCCGCGGCTAGACGGAAAGACCC
CGTGAACCTTTACTGTAGCTTTGCACTGGACTTTGAGCCTGCTTGTGTAG
GATAGGTGGGAGGCTTTGAAGCGTGGACGCCAGTTCGCGTGGAGCCATCC
TTGAAATACCACCCTGGCATGCTTGAGGTTCTAACTCTGGTCCGTAATCC
GGATCGAGGACAGTGTATGGTGGGCAGTTTGACTGGGGCGGTCTCCTCCT
AAAGAGTAACGGAGGAGTACGAAGGTGCGCTCAGACCGGTCGGAAATCGG
TCGCAGAGTATAAAGGCAAAAGCGCGCTTGACTGCGAGACAGACACGTCG
AGCAGGTACGAAAGTAGGTCTTAGTGATCCGGTGGTTCTGTATGGAAGGG
CCATCGCTCAACGGATAAAAGGTACTCCGGGGATAACAGGCTGATACCGC
CCAAGAGTTCATATCGACGGCGGTGTTTGGCACCTCGATGTCGGCTCATC
ACATCCTGGGGCTGAAGCCGGTCCCAAGGGTATGGCTGTTCGCCATTTAA
AGTGGTACGCGAGCTGGGTTTAGAACGTCGTGAGACAGTTCGGTCCCTAT
CTGCCGTGGACGTTTGAGATTTGAGAGGGGCTGCTCCTAGTACGAGAGGA
CCGGAGTGGACGAACCTCTGGTGTTCCGGTTGTCACGCCAGTGGCATTGC
CGGGTAGCTATGTTCGGAAAAGATAACCGCTGAAAGCATCTAAGCGGGAA
ACTTGCCTCAAGATGAGATCTCACTGGGAACTTGATTCCCCTGAAGGGCC
GTCGAAGACTACGACGTTGATAGGCTGGGTGTGTAAGCGTTGTGAGGCGT
TGAGCTAACCAGTACTAATTGCCCGTGAGGCTTGACCA"	"Type: rRNA, Location: [6039847:6042735](-),
Qualifiers: locus_tag: ['NJOOCDGH_05551'];
product: ['23S ribosomal RNA']"
