Docked Segment	AGAGCGCCTGCTTTGCACGCAGGAGGTCAGGAGTTCGA
Organism	Gene ID	Sequence	Feature Details
acinetobacter baumanni	AMPIKKCB_00051	"GGGGACTTAGCTTAGTTGGTAGAGCGCCTGCTTTGCACGCAGGAGGTCAG
GAGTTCGACTCTCCTAGTCTCCACCA"	"Type: tRNA, Location: [52128:52204](+),
Qualifiers: locus_tag: ['AMPIKKCB_00051'];
product: ['tRNA-Ala']; inference:
['COORDINATES:profile:Aragorn:001002']; note:
['tRNA-Ala(tgc)']"
acinetobacter baumanni	AMPIKKCB_00259	"GGGGACTTAGCTTAGTTGGTAGAGCGCCTGCTTTGCACGCAGGAGGTCAG
GAGTTCGACTCTCCTAGTCTCCACCA"	"Type: tRNA, Location: [262511:262587](+),
Qualifiers: locus_tag: ['AMPIKKCB_00259'];
product: ['tRNA-Ala']; inference:
['COORDINATES:profile:Aragorn:001002']; note:
['tRNA-Ala(tgc)']"
acinetobacter baumanni	AMPIKKCB_00680	"GGGGACTTAGCTTAGTTGGTAGAGCGCCTGCTTTGCACGCAGGAGGTCAG
GAGTTCGACTCTCCTAGTCTCCACCA"	"Type: tRNA, Location: [712245:712321](+),
Qualifiers: locus_tag: ['AMPIKKCB_00680'];
product: ['tRNA-Ala']; inference:
['COORDINATES:profile:Aragorn:001002']; note:
['tRNA-Ala(tgc)']"
acinetobacter baumanni	AMPIKKCB_03298	"GGGGACTTAGCTTAGTTGGTAGAGCGCCTGCTTTGCACGCAGGAGGTCAG
GAGTTCGACTCTCCTAGTCTCCACCA"	"Type: tRNA, Location: [3474216:3474292](-),
Qualifiers: locus_tag: ['AMPIKKCB_03298'];
product: ['tRNA-Ala']; inference:
['COORDINATES:profile:Aragorn:001002']; note:
['tRNA-Ala(tgc)']"
acinetobacter baumanni	AMPIKKCB_03331	"GGGGACTTAGCTTAGTTGGTAGAGCGCCTGCTTTGCACGCAGGAGGTCAG
GAGTTCGACTCTCCTAGTCTCCACCA"	"Type: tRNA, Location: [3506436:3506512](-),
Qualifiers: locus_tag: ['AMPIKKCB_03331'];
product: ['tRNA-Ala']; inference:
['COORDINATES:profile:Aragorn:001002']; note:
['tRNA-Ala(tgc)']"
acinetobacter baumanni	AMPIKKCB_03789	"GGGGACTTAGCTTAGTTGGTAGAGCGCCTGCTTTGCACGCAGGAGGTCAG
GAGTTCGACTCTCCTAGTCTCCACCA"	"Type: tRNA, Location: [3979544:3979620](-),
Qualifiers: locus_tag: ['AMPIKKCB_03789'];
product: ['tRNA-Ala']; inference:
['COORDINATES:profile:Aragorn:001002']; note:
['tRNA-Ala(tgc)']"
pseudomonas aeruginosa	NJOOCDGH_00685	"GGGGCCATAGCTCAGCTGGGAGAGCGCCTGCTTTGCACGCAGGAGGTCAG
GAGTTCGATCCTCCTTGGCTCCACCA"	"Type: tRNA, Location: [723800:723876](+),
Qualifiers: locus_tag: ['NJOOCDGH_00685'];
product: ['tRNA-Ala']; inference:
['COORDINATES:profile:Aragorn:001002']; note:
['tRNA-Ala(tgc)']"
pseudomonas aeruginosa	NJOOCDGH_04419	"GGGGCCATAGCTCAGCTGGGAGAGCGCCTGCTTTGCACGCAGGAGGTCAG
GAGTTCGATCCTCCTTGGCTCCACCA"	"Type: tRNA, Location: [4791951:4792027](-),
Qualifiers: locus_tag: ['NJOOCDGH_04419'];
product: ['tRNA-Ala']; inference:
['COORDINATES:profile:Aragorn:001002']; note:
['tRNA-Ala(tgc)']"
pseudomonas aeruginosa	NJOOCDGH_04851	"GGGGCCATAGCTCAGCTGGGAGAGCGCCTGCTTTGCACGCAGGAGGTCAG
GAGTTCGATCCTCCTTGGCTCCACCA"	"Type: tRNA, Location: [5267479:5267555](-),
Qualifiers: locus_tag: ['NJOOCDGH_04851'];
product: ['tRNA-Ala']; inference:
['COORDINATES:profile:Aragorn:001002']; note:
['tRNA-Ala(tgc)']"
pseudomonas aeruginosa	NJOOCDGH_05552	"GGGGCCATAGCTCAGCTGGGAGAGCGCCTGCTTTGCACGCAGGAGGTCAG
GAGTTCGATCCTCCTTGGCTCCACCA"	"Type: tRNA, Location: [6042963:6043039](-),
Qualifiers: locus_tag: ['NJOOCDGH_05552'];
product: ['tRNA-Ala']; inference:
['COORDINATES:profile:Aragorn:001002']; note:
['tRNA-Ala(tgc)']"
